{
	"output_file": "settings.json",
	"EnableDebug": {
		"type": "checkbox",
		"value": false,
		"label": "Enable Debug",
		"tooltip": "Enable or disable debug logs",
		"group": ""
	},
	"WebhookUrl": {
		"type": "textbox",
		"value": "https://discordapp.com/api/webhooks/YOURWEBHOOK",
		"label": "Discord Webhook Url",
		"tooltip": "Create a webhook on your discord server (Server Settings -> Webhooks) then copy the url into this text box.",
		"group": ""
	},
	"Subreddit": {
		"type": "textbox",
		"value": "meirl",
		"label": "Subreddit",
		"tooltip": "Specify the subreddit from which to pull memes.",
		"group": ""
	},
	"StartHour": {
		"type": "slider",
		"label": "Earliest time - Hour",
		"value": 8,
		"min": 0,
		"max": 23,
		"ticks": 1,
		"tooltip": "Specify the earliest time in hours at which to post a meme (in local time).",
		"group": "Time Settings"
	},
	"StartMinute": {
		"type": "slider",
		"label": "Earliest time - Minute",
		"value": 0,
		"min": 0,
		"max": 59,
		"ticks": 1,
		"tooltip": "Specify the earliest time in minutes at which to post a meme (in local time).",
		"group": "Time Settings"
	},
	"EndHour": {
		"type": "slider",
		"label": "Latest time - Hour",
		"value": 20,
		"min": 0,
		"max": 23,
		"ticks": 1,
		"tooltip": "Specify the latest time in hours at which to post a meme (in local time).",
		"group": "Time Settings"
	},
	"EndMinute": {
		"type": "slider",
		"label": "Latest time - Minute",
		"value": 0,
		"min": 0,
		"max": 59,
		"ticks": 1,
		"tooltip": "Specify the latest time in minutes at which to post a meme (in local time).",
		"group": "Time Settings"
	},
	"PostFormat": {
		"type": "textbox",
		"value": "{\"username\":\"Annoy Brandon Bot\",\"content\":\"[MEME_URL]\"}",
		"label": "Post Format",
		"tooltip": "Modify the json format if you so desire. ",
		"group": "Advanced - Format Options"
	},
	"OpenJson": {
		"type": "button",
		"label": "Open Json in Formatter",
		"tooltip": "Opens json on codebeautify.org to help with editing. Minify and paste back into above textbox when done editing.",
		"wsevent": "",
		"function": "openjson",
		"group": "Advanced - Format Options"
	},
	"btnreadme": {
		"type": "button",
		"label": "open readme",
		"tooltip": "read this!",
		"wsevent": "",
		"function": "openreadme",
		"group": ""
	}
}